{
    "loss": 0.305070698261261,
    "accuracy": 0.9601989984512329
}